,,,,,,,,,,,,,,,,,,,,,,,,
1,2,3,4,5,6,7,8,9,10,11,12,13,14,15,16,17,18,19,20,21,22,,I,276
,,, Avg ,Avg Åšr,Obliczona,Rzeczywista,,,,,,,,283,,,268,,,1,,,II,276
,,, 10.37      , 1.86      , 72.39      ,63.14,,,, 10.00      ,4/2/2006,,Trap 1,,,Trap 2,,,Trap 3,,,Percent,,
Date,Week, Min , Max , Avg , Avg II , Dev , Dev % , Rain ,Flag, DD , DD Sum ,Source, Trap1_Count , Trap1_Trap 1Sum , Trap1_% ,Trap2_Count,Trap2_Sum, Trap2_% ,Trap3_Count,Trap3_Sum, Trap3_% ,Percent_Sum,Percent_Avg,Percent_%
1/1/2006,1,-5.75      ,-1.13      ,-2.22      ,-3.44      , 1.22      , 55.13      , 3.00      ,0, -        , -        ,FIELD,,0, -        ,,0, -        ,,0, -        ,0,0, -        
1/2/2006,2,-1.88      ,-1.00      ,-1.61      ,-1.44      , 0.18      , 10.97      , 3.80      ,0, -        , -        ,FIELD,,0, -        ,,0, -        ,,0, -        ,0,0, -        
1/3/2006,2,-1.75      , 0.94      ,-0.97      ,-0.41      , 0.56      , 58.08      , 11.70      ,0, -        , -        ,FIELD,,0, -        ,,0, -        ,,0, -        ,0,0, -        
1/4/2006,2,-2.31      , 0.88      ,-1.45      ,-0.72      , 0.73      , 50.46      , 5.00      ,0, -        , -        ,FIELD,,0, -        ,,0, -        ,,0, -        ,0,0, -        
1/5/2006,2,-7.00      ,-2.50      ,-4.77      ,-4.75      , 0.02      , 0.37      , -        ,0, -        , -        ,FIELD,,0, -        ,,0, -        ,,0, -        ,0,0, -        
1/6/2006,2,-6.50      ,-4.13      ,-5.14      ,-5.31      , 0.18      , 3.45      , -        ,0, -        , -        ,FIELD,,0, -        ,,0, -        ,,0, -        ,0,0, -        
1/7/2006,2,-13.88      ,-3.44      ,-8.18      ,-8.66      , 0.47      , 5.80      , -        ,0, -        , -        ,FIELD,,0, -        ,,0, -        ,,0, -        ,0,0, -        
1/8/2006,2,-15.62      ,-2.94      ,-10.60      ,-9.28      , 1.32      , 12.43      , -        ,0, -        , -        ,FIELD,,0, -        ,,0, -        ,,0, -        ,0,0, -        
1/9/2006,3,-13.81      ,-2.38      ,-9.26      ,-8.09      , 1.17      , 12.62      , -        ,0, -        , -        ,FIELD,,0, -        ,,0, -        ,,0, -        ,0,0, -        
1/10/2006,3,-16.13      ,-5.50      ,-12.00      ,-10.81      , 1.19      , 9.91      , -        ,0, -        , -        ,FIELD,,0, -        ,,0, -        ,,0, -        ,0,0, -        
1/11/2006,3,-13.50      ,-5.25      ,-8.92      ,-9.38      , 0.46      , 5.11      , -        ,0, -        , -        ,FIELD,,0, -        ,,0, -        ,,0, -        ,0,0, -        
1/12/2006,3,-9.88      ,-3.13      ,-5.49      ,-6.50      , 1.01      , 18.41      , -        ,0, -        , -        ,FIELD,,0, -        ,,0, -        ,,0, -        ,0,0, -        
1/13/2006,3,-5.62      ,-3.31      ,-4.31      ,-4.47      , 0.15      , 3.57      , -        ,0, -        , -        ,FIELD,,0, -        ,,0, -        ,,0, -        ,0,0, -        
1/14/2006,3,-8.63      ,-5.25      ,-6.65      ,-6.94      , 0.29      , 4.35      , -        ,0, -        , -        ,FIELD,,0, -        ,,0, -        ,,0, -        ,0,0, -        
1/15/2006,3,-10.62      ,-7.44      ,-9.33      ,-9.03      , 0.30      , 3.20      , -        ,0, -        , -        ,FIELD,,0, -        ,,0, -        ,,0, -        ,0,0, -        
1/16/2006,4,-11.75      ,-7.56      ,-10.28      ,-9.66      , 0.62      , 6.03      , -        ,0, -        , -        ,FIELD,,0, -        ,,0, -        ,,0, -        ,0,0, -        
1/17/2006,4,-14.38      ,-8.50      ,-11.29      ,-11.44      , 0.14      , 1.27      , -        ,0, -        , -        ,FIELD,,0, -        ,,0, -        ,,0, -        ,0,0, -        
1/18/2006,4,-13.94      ,-7.00      ,-9.47      ,-10.47      , 1.00      , 10.50      , -        ,0, -        , -        ,FIELD,,0, -        ,,0, -        ,,0, -        ,0,0, -        
1/19/2006,4,-21.62      ,-9.50      ,-13.85      ,-15.56      , 1.71      , 12.36      , -        ,0, -        , -        ,FIELD,,0, -        ,,0, -        ,,0, -        ,0,0, -        
1/20/2006,4,-25.50      ,-17.56      ,-20.92      ,-21.53      , 0.61      , 2.91      , -        ,0, -        , -        ,FIELD,,0, -        ,,0, -        ,,0, -        ,0,0, -        
1/21/2006,4,-20.56      , 12.56      ,-11.70      ,-4.00      , 7.70      , 65.81      , 3.00      ,0, -        , -        ,FIELD,,0, -        ,,0, -        ,,0, -        ,0,0, -        
1/22/2006,4,-26.62      ,-13.13      ,-22.31      ,-19.87      , 2.43      , 10.91      , -        ,0, -        , -        ,FIELD,,0, -        ,,0, -        ,,0, -        ,0,0, -        
1/23/2006,5,-28.88      ,-11.25      ,-23.10      ,-20.06      , 3.04      , 13.16      , -        ,0, -        , -        ,FIELD,,0, -        ,,0, -        ,,0, -        ,0,0, -        
1/24/2006,5,-28.31      ,-10.50      ,-20.95      ,-19.41      , 1.55      , 7.38      , -        ,0, -        , -        ,FIELD,,0, -        ,,0, -        ,,0, -        ,0,0, -        
1/25/2006,5,-22.31      ,-7.88      ,-15.58      ,-15.09      , 0.49      , 3.12      , -        ,0, -        , -        ,FIELD,,0, -        ,,0, -        ,,0, -        ,0,0, -        
1/26/2006,5,-19.50      ,-3.38      ,-14.38      ,-11.44      , 2.95      , 20.48      , -        ,0, -        , -        ,FIELD,,0, -        ,,0, -        ,,0, -        ,0,0, -        
1/27/2006,5,-23.13      , 4.25      ,-13.12      ,-9.44      , 3.68      , 28.05      , -        ,0, -        , -        ,FIELD,,0, -        ,,0, -        ,,0, -        ,0,0, -        
1/28/2006,5,-15.38      ,-7.31      ,-11.44      ,-11.34      , 0.10      , 0.88      , -        ,0, -        , -        ,FIELD,,0, -        ,,0, -        ,,0, -        ,0,0, -        
1/29/2006,5,-11.44      ,-4.94      ,-7.81      ,-8.19      , 0.38      , 4.85      , -        ,0, -        , -        ,FIELD,,0, -        ,,0, -        ,,0, -        ,0,0, -        
1/30/2006,6,-8.75      ,-1.44      ,-4.39      ,-5.09      , 0.71      , 16.16      , -        ,0, -        , -        ,FIELD,,0, -        ,,0, -        ,,0, -        ,0,0, -        
1/31/2006,6,-4.88      ,-1.69      ,-2.90      ,-3.28      , 0.38      , 13.02      , -        ,0, -        , -        ,FIELD,,0, -        ,,0, -        ,,0, -        ,0,0, -        
2/1/2006,6,-4.75      ,-2.25      ,-3.27      ,-3.50      , 0.23      , 7.10      , -        ,0, -        , -        ,FIELD,,0, -        ,,0, -        ,,0, -        ,0,0, -        
2/2/2006,6,-5.19      ,-2.38      ,-3.65      ,-3.78      , 0.13      , 3.57      , -        ,0, -        , -        ,FIELD,,0, -        ,,0, -        ,,0, -        ,0,0, -        
2/3/2006,6,-3.94      ,-1.19      ,-3.02      ,-2.56      , 0.45      , 15.00      , -        ,0, -        , -        ,FIELD,,0, -        ,,0, -        ,,0, -        ,0,0, -        
2/4/2006,6,-16.50      ,-2.56      ,-7.53      ,-9.53      , 2.00      , 26.51      , 1.00      ,0, -        , -        ,FIELD,,0, -        ,,0, -        ,,0, -        ,0,0, -        
2/5/2006,6,-17.62      ,-4.44      ,-11.10      ,-11.03      , 0.07      , 0.61      , -        ,0, -        , -        ,FIELD,,0, -        ,,0, -        ,,0, -        ,0,0, -        
2/6/2006,7,-12.88      ,-4.44      ,-10.18      ,-8.66      , 1.53      , 15.00      , 0.30      ,0, -        , -        ,FIELD,,0, -        ,,0, -        ,,0, -        ,0,0, -        
2/7/2006,7,-13.00      , 0.94      ,-5.58      ,-6.03      , 0.45      , 8.13      , 8.10      ,0, -        , -        ,FIELD,,0, -        ,,0, -        ,,0, -        ,0,0, -        
2/8/2006,7,-1.62      , 0.94      ,-0.19      ,-0.34      , 0.15      , 79.24      , 5.00      ,0, -        , -        ,FIELD,,0, -        ,,0, -        ,,0, -        ,0,0, -        
2/9/2006,7,-1.69      , 2.00      ,-0.08      , 0.16      , 0.24      , 292.69      , 2.00      ,0, -        , -        ,FIELD,,0, -        ,,0, -        ,,0, -        ,0,0, -        
2/10/2006,7,-6.56      , 0.94      ,-3.22      ,-2.81      , 0.40      , 12.56      , 1.10      ,0, -        , -        ,FIELD,,0, -        ,,0, -        ,,0, -        ,0,0, -        
2/11/2006,7,-9.63      ,-3.69      ,-6.51      ,-6.66      , 0.15      , 2.25      , 0.80      ,0, -        , -        ,FIELD,,0, -        ,,0, -        ,,0, -        ,0,0, -        
2/12/2006,7,-5.25      ,-3.25      ,-4.51      ,-4.25      , 0.26      , 5.66      , -        ,0, -        , -        ,FIELD,,0, -        ,,0, -        ,,0, -        ,0,0, -        
2/13/2006,8,-5.62      ,-2.56      ,-4.12      ,-4.09      , 0.03      , 0.75      , 0.50      ,0, -        , -        ,FIELD,,0, -        ,,0, -        ,,0, -        ,0,0, -        
2/14/2006,8,-5.00      , 0.88      ,-2.88      ,-2.06      , 0.81      , 28.26      , 4.00      ,0, -        , -        ,FIELD,,0, -        ,,0, -        ,,0, -        ,0,0, -        
2/15/2006,8,-6.25      , 1.13      ,-2.19      ,-2.56      , 0.38      , 17.15      , 0.50      ,0, -        , -        ,FIELD,,0, -        ,,0, -        ,,0, -        ,0,0, -        
2/16/2006,8,-8.19      ,-2.94      ,-5.74      ,-5.56      , 0.17      , 3.03      , -        ,0, -        , -        ,FIELD,,0, -        ,,0, -        ,,0, -        ,0,0, -        
2/17/2006,8,-8.62      ,-1.94      ,-4.85      ,-5.28      , 0.43      , 8.95      , 0.50      ,0, -        , -        ,FIELD,,0, -        ,,0, -        ,,0, -        ,0,0, -        
2/18/2006,8,-2.88      , 9.75      , 1.56      , 3.44      , 1.88      , 120.38      , 2.80      ,0, -        , -        ,FIELD,,0, -        ,,0, -        ,,0, -        ,0,0, -        
2/19/2006,8,-4.69      , 3.69      ,-0.78      ,-0.50      , 0.28      , 36.00      , 4.00      ,0, -        , -        ,FIELD,,0, -        ,,0, -        ,,0, -        ,0,0, -        
2/20/2006,9,-7.88      , 6.19      ,-0.55      ,-0.84      , 0.29      , 52.73      , -        ,0, -        , -        ,FIELD,,0, -        ,,0, -        ,,0, -        ,0,0, -        
2/21/2006,9,-1.63      , 3.63      , 0.43      , 1.00      , 0.57      , 134.15      , 10.20      ,0, -        , -        ,FIELD,,0, -        ,,0, -        ,,0, -        ,0,0, -        
2/22/2006,9,-5.81      ,-1.63      ,-2.98      ,-3.72      , 0.73      , 24.63      , 3.00      ,0, -        , -        ,FIELD,,0, -        ,,0, -        ,,0, -        ,0,0, -        
2/23/2006,9,-11.63      , 2.25      ,-6.98      ,-4.69      , 2.30      , 32.88      , -        ,0, -        , -        ,FIELD,,0, -        ,,0, -        ,,0, -        ,0,0, -        
2/24/2006,9,-12.69      , 0.94      ,-5.45      ,-5.88      , 0.43      , 7.89      , -        ,0, -        , -        ,FIELD,,0, -        ,,0, -        ,,0, -        ,0,0, -        
2/25/2006,9,-9.56      , 5.63      ,-3.54      ,-1.97      , 1.57      , 44.37      , -        ,0, -        , -        ,FIELD,,0, -        ,,0, -        ,,0, -        ,0,0, -        
2/26/2006,9,-10.00      ,-2.31      ,-7.30      ,-6.16      , 1.14      , 15.66      , -        ,0, -        , -        ,FIELD,,0, -        ,,0, -        ,,0, -        ,0,0, -        
2/27/2006,10,-13.13      , 1.56      ,-7.03      ,-5.78      , 1.25      , 17.80      , -        ,0, -        , -        ,FIELD,,0, -        ,,0, -        ,,0, -        ,0,0, -        
2/28/2006,10,-12.44      , 0.69      ,-7.03      ,-5.88      , 1.15      , 16.41      , -        ,0, -        , -        ,FIELD,,0, -        ,,0, -        ,,0, -        ,0,0, -        
3/1/2006,10,-12.69      , 1.75      ,-6.74      ,-5.47      , 1.27      , 18.85      , -        ,0, -        , -        ,FIELD,,0, -        ,,0, -        ,,0, -        ,0,0, -        
3/2/2006,10,-6.31      , 4.44      ,-2.22      ,-0.94      , 1.28      , 57.77      , 0.50      ,0, -        , -        ,FIELD,,0, -        ,,0, -        ,,0, -        ,0,0, -        
3/3/2006,10,-8.63      , 5.50      ,-3.24      ,-1.56      , 1.67      , 51.73      , -        ,0, -        , -        ,FIELD,,0, -        ,,0, -        ,,0, -        ,0,0, -        
3/4/2006,10,-8.62      , 3.56      ,-3.55      ,-2.53      , 1.02      , 28.74      , 1.40      ,0, -        , -        ,FIELD,,0, -        ,,0, -        ,,0, -        ,0,0, -        
3/5/2006,10,-10.13      , 3.75      ,-4.11      ,-3.19      , 0.92      , 22.48      , -        ,0, -        , -        ,FIELD,,0, -        ,,0, -        ,,0, -        ,0,0, -        
3/6/2006,11,-13.81      , 1.94      ,-5.89      ,-5.94      , 0.05      , 0.79      , 1.00      ,0, -        , -        ,FIELD,,0, -        ,,0, -        ,,0, -        ,0,0, -        
3/7/2006,11,-17.50      , 4.50      ,-7.48      ,-6.50      , 0.98      , 13.09      , -        ,0, -        , -        ,FIELD,,0, -        ,,0, -        ,,0, -        ,0,0, -        
3/8/2006,11,-15.94      , 6.63      ,-6.63      ,-4.66      , 1.97      , 29.74      , -        ,0, -        , -        ,FIELD,,0, -        ,,0, -        ,,0, -        ,0,0, -        
3/9/2006,11,-15.63      , 2.62      ,-6.08      ,-6.50      , 0.42      , 6.94      , -        ,0, -        , -        ,FIELD,,0, -        ,,0, -        ,,0, -        ,0,0, -        
3/10/2006,11,-5.62      , 2.25      ,-2.28      ,-1.69      , 0.59      , 25.95      , 0.30      ,0, -        , -        ,FIELD,,0, -        ,,0, -        ,,0, -        ,0,0, -        
3/11/2006,11,-5.13      , 3.75      ,-2.11      ,-0.69      , 1.43      , 67.49      , -        ,0, -        , -        ,FIELD,,0, -        ,,0, -        ,,0, -        ,0,0, -        
3/12/2006,11,-8.75      , 2.81      ,-3.92      ,-2.97      , 0.95      , 24.29      , -        ,0, -        , -        ,FIELD,,0, -        ,,0, -        ,,0, -        ,0,0, -        
3/13/2006,12,-12.75      , 1.63      ,-5.97      ,-5.56      , 0.41      , 6.88      , -        ,0, -        , -        ,FIELD,,0, -        ,,0, -        ,,0, -        ,0,0, -        
3/14/2006,12,-6.94      , 0.75      ,-3.99      ,-3.09      , 0.90      , 22.44      , -        ,0, -        , -        ,FIELD,,0, -        ,,0, -        ,,0, -        ,0,0, -        
3/15/2006,12,-7.94      , 9.63      ,-1.53      , 0.84      , 2.37      , 155.18      , -        ,0, -        , -        ,FIELD,,0, -        ,,0, -        ,,0, -        ,0,0, -        
3/16/2006,12,-4.44      , 0.94      ,-1.36      ,-1.75      , 0.39      , 29.00      , -        ,0, -        , -        ,FIELD,,0, -        ,,0, -        ,,0, -        ,0,0, -        
3/17/2006,12,-2.62      , 1.69      ,-0.62      ,-0.47      , 0.15      , 24.46      , -        ,0, -        , -        ,FIELD,,0, -        ,,0, -        ,,0, -        ,0,0, -        
3/18/2006,12,-2.19      , 2.31      ,-0.13      , 0.06      , 0.19      , 148.55      , 1.00      ,0, -        , -        ,FIELD,,0, -        ,,0, -        ,,0, -        ,0,0, -        
3/19/2006,12,-3.13      , 2.94      ,-1.47      ,-0.09      , 1.38      , 93.63      , -        ,0, -        , -        ,FIELD,,0, -        ,,0, -        ,,0, -        ,0,0, -        
3/20/2006,13,-3.13      , 7.81      , 0.08      , 2.34      , 2.27      ," 2,899.68      ", -        ,0, -        , -        ,FIELD,,0, -        ,,0, -        ,,0, -        ,0,0, -        
3/21/2006,13,-8.56      , 6.62      ,-1.22      ,-0.97      , 0.25      , 20.47      , -        ,0, -        , -        ,FIELD,,0, -        ,,0, -        ,,0, -        ,0,0, -        
3/22/2006,13,-10.31      , 3.44      ,-3.81      ,-3.44      , 0.38      , 9.90      , -        ,0, -        , -        ,FIELD,,0, -        ,,0, -        ,,0, -        ,0,0, -        
3/23/2006,13,-8.62      , 7.31      ,-1.67      ,-0.65      , 1.02      , 60.92      , -        ,0, -        , -        ,FIELD,,0, -        ,,0, -        ,,0, -        ,0,0, -        
3/24/2006,13,-11.62      , 6.81      ,-2.07      ,-2.40      , 0.33      , 16.00      , -        ,0, -        , -        ,FIELD,,0, -        ,,0, -        ,,0, -        ,0,0, -        
3/25/2006,13,-8.19      , 9.63      , 1.15      , 0.72      , 0.43      , 37.29      , -        ,0, -        , -        ,FIELD,,0, -        ,,0, -        ,,0, -        ,0,0, -        
3/26/2006,13, 0.13      , 3.38      , 1.20      , 1.75      , 0.55      , 45.41      , 1.00      ,0, -        , -        ,FIELD,,0, -        ,,0, -        ,,0, -        ,0,0, -        
3/27/2006,14, 1.13      , 12.50      , 5.61      , 6.81      , 1.20      , 21.46      , 4.00      ,0, -        , -        ,FIELD,,0, -        ,,0, -        ,,0, -        ,0,0, -        
3/28/2006,14, 3.94      , 15.81      , 8.25      , 9.88      , 1.63      , 19.74      , 2.00      ,0, -        , -        ,FIELD,,0, -        ,,0, -        ,,0, -        ,0,0, -        
3/29/2006,14, 4.13      , 8.25      , 6.18      , 6.19      , 0.01      , 0.18      , 5.00      ,0, -        , -        ,FIELD,,0, -        ,,0, -        ,,0, -        ,0,0, -        
3/30/2006,14, 1.44      , 13.00      , 5.82      , 7.22      , 1.40      , 23.98      , -        ,0, -        , -        ,FIELD,,0, -        ,,0, -        ,,0, -        ,0,0, -        
3/31/2006,14, 4.50      , 9.44      , 6.77      , 6.97      , 0.20      , 2.97      , 2.00      ,0, -        , -        ,FIELD,,0, -        ,,0, -        ,,0, -        ,0,0, -        
4/1/2006,14, 5.25      , 15.62      , 7.78      , 10.44      , 2.65      , 34.11      , -        ,0, -        , -        ,FIELD,,0, -        ,,0, -        ,,0, -        ,0,0, -        
4/2/2006,14, 5.00      , 18.62      , 11.65      , 11.81      , 0.16      , 1.41      , -        ,1, 1.65      , 1.65      ,FIELD,,0, -        ,,0, -        ,,0, -        ,0,0, -        
4/3/2006,15, 16.50      , 20.63      , 18.54      , 18.56      , 0.02      , 0.11      , 1.00      ,1, 8.54      , 10.19      ,FIELD,,0, -        ,,0, -        ,,0, -        ,0,0, -        
4/4/2006,15, 16.75      , 20.00      , 18.17      , 18.38      , 0.20      , 1.11      , -        ,1, 8.17      , 18.36      ,FIELD,,0, -        ,,0, -        ,,0, -        ,0,0, -        
4/5/2006,15, 14.69      , 20.75      , 17.21      , 17.72      , 0.51      , 2.98      , 0.50      ,1, 7.21      , 25.57      ,FIELD,,0, -        ,,0, -        ,,0, -        ,0,0, -        
4/6/2006,15,-3.81      , 17.63      , 9.91      , 6.91      , 3.00      , 30.28      , -        ,1, -        , 25.57      ,FIELD,,0, -        ,,0, -        ,,0, -        ,0,0, -        
4/7/2006,15,-5.00      , 15.25      , 4.11      , 5.13      , 1.02      , 24.76      , -        ,1, -        , 25.57      ,FIELD,,0, -        ,,0, -        ,,0, -        ,0,0, -        
4/8/2006,15,-3.00      , 17.62      , 6.41      , 7.31      , 0.90      , 14.11      , -        ,1, -        , 25.57      ,FIELD,,0, -        ,,0, -        ,,0, -        ,0,0, -        
4/9/2006,15, 0.13      , 18.62      , 7.42      , 9.37      , 1.95      , 26.35      , 1.00      ,1, -        , 25.57      ,FIELD,,0, -        ,,0, -        ,,0, -        ,0,0, -        
4/10/2006,16, 2.13      , 6.81      , 4.49      , 4.47      , 0.02      , 0.46      , 4.00      ,1, -        , 25.57      ,FIELD,,0, -        ,,0, -        ,,0, -        ,0,0, -        
4/11/2006,16,-1.19      , 11.50      , 3.45      , 5.16      , 1.71      , 49.56      , 10.90      ,1, -        , 25.57      ,FIELD,,0, -        ,,0, -        ,,0, -        ,0,0, -        
4/12/2006,16,-3.62      , 18.62      , 4.83      , 7.50      , 2.67      , 55.18      , -        ,1, -        , 25.57      ,FIELD,,0, -        ,,0, -        ,,0, -        ,0,0, -        
4/13/2006,16, 1.88      , 15.94      , 6.75      , 8.91      , 2.15      , 31.88      , -        ,1, -        , 25.57      ,FIELD,,0, -        ,,0, -        ,,0, -        ,0,0, -        
4/14/2006,16, 1.38      , 13.00      , 5.12      , 7.19      , 2.06      , 40.29      , 6.00      ,1, -        , 25.57      ,FIELD,,0, -        ,,0, -        ,,0, -        ,0,0, -        
4/15/2006,16, 0.31      , 13.63      , 5.27      , 6.97      , 1.70      , 32.35      , 0.50      ,1, -        , 25.57      ,FIELD,,0, -        ,,0, -        ,,0, -        ,0,0, -        
4/16/2006,16,-1.25      , 13.75      , 6.61      , 6.25      , 0.36      , 5.51      , -        ,1, -        , 25.57      ,FIELD,,0, -        ,,0, -        ,,0, -        ,0,0, -        
4/17/2006,17, 3.00      , 15.81      , 8.76      , 9.41      , 0.65      , 7.37      , 2.50      ,1, -        , 25.57      ,FIELD,,0, -        ,,0, -        ,,0, -        ,0,0, -        
4/18/2006,17, 3.31      , 16.62      , 8.13      , 9.97      , 1.83      , 22.52      , 0.50      ,1, -        , 25.57      ,FIELD,,0, -        ,,0, -        ,,0, -        ,0,0, -        
4/19/2006,17, 2.19      , 18.62      , 9.63      , 10.40      , 0.77      , 8.01      , -        ,1, -        , 25.57      ,FIELD,,0, -        ,,0, -        ,,0, -        ,0,0, -        
4/20/2006,17, 2.63      , 24.69      , 12.41      , 13.66      , 1.24      , 10.01      , -        ,1, 2.41      , 27.98      ,FIELD,,0, -        ,,0, -        ,,0, -        ,0,0, -        
4/21/2006,17, 3.88      , 23.88      , 11.84      , 13.88      , 2.03      , 17.18      , -        ,1, 1.84      , 29.82      ,FIELD,,0, -        ,,0, -        ,,0, -        ,0,0, -        
4/22/2006,17, 2.13      , 21.75      , 9.87      , 11.94      , 2.07      , 21.00      , -        ,1, -        , 29.82      ,FIELD,,0, -        ,,0, -        ,,0, -        ,0,0, -        
4/23/2006,17, 2.56      , 22.88      , 12.64      , 12.72      , 0.08      , 0.66      , -        ,1, 2.64      , 32.46      ,FIELD,,0, -        ,,0, -        ,,0, -        ,0,0, -        
4/24/2006,18, 6.63      , 24.62      , 12.56      , 15.62      , 3.06      , 24.39      , -        ,1, 2.56      , 35.02      ,FIELD,,0, -        ,,0, -        ,,0, -        ,0,0, -        
4/25/2006,18, 4.13      , 27.88      , 14.12      , 16.00      , 1.88      , 13.28      , -        ,1, 4.12      , 39.14      ,FIELD,,0, -        ,,0, -        ,,0, -        ,0,0, -        
4/26/2006,18, 7.19      , 25.63      , 14.77      , 16.41      , 1.63      , 11.05      , -        ,1, 4.77      , 43.92      ,FIELD,,0, -        ,,0, -        ,,0, -        ,0,0, -        
4/27/2006,18, 3.25      , 24.81      , 13.23      , 14.03      , 0.80      , 6.05      , -        ,1, 3.23      , 47.15      ,FIELD,,0, -        ,,0, -        ,,0, -        ,0,0, -        
4/28/2006,18, 2.94      , 23.75      , 13.20      , 13.34      , 0.14      , 1.10      , -        ,1, 3.20      , 50.35      ,FIELD,,0, -        ,,0, -        ,,0, -        ,0,0, -        
4/29/2006,18, 6.63      , 13.31      , 9.64      , 9.97      , 0.32      , 3.36      , 3.50      ,1, -        , 50.35      ,FIELD,,0, -        ,,0, -        ,,0, -        ,0,0, -        
4/30/2006,18, 6.44      , 13.88      , 9.16      , 10.16      , 1.00      , 10.91      , 14.40      ,1, -        , 50.35      ,FIELD,,0, -        ,,0, -        ,,0, -        ,0,0, -        
5/1/2006,19, 6.19      , 19.00      , 11.45      , 12.59      , 1.15      , 10.01      , 2.50      ,1, 1.45      , 51.79      ,FIELD,,0, -        ,,0, -        ,,0, -        ,0,0, -        
5/2/2006,19, 6.88      , 18.50      , 11.62      , 12.69      , 1.07      , 9.20      , 0.50      ,1, 1.62      , 53.41      ,FIELD,,0, -        ,,0, -        ,,0, -        ,0,0, -        
5/3/2006,19, 3.63      , 21.56      , 12.53      , 12.59      , 0.07      , 0.54      , -        ,1, 2.53      , 55.94      ,FIELD,,0, -        ,,0, -        ,,0, -        ,0,0, -        
5/4/2006,19, 3.63      , 22.50      , 13.41      , 13.06      , 0.35      , 2.58      , -        ,1, 3.41      , 59.35      ,FIELD,,0, -        ,,0, -        ,,0, -        ,0,0, -        
5/5/2006,19, 3.75      , 23.62      , 13.79      , 13.69      , 0.11      , 0.77      , -        ,1, 3.79      , 63.14      ,FIELD,1,1, 0.35      ,0,0, -        ,,0, -        ,1,1, 0.18      
5/6/2006,19, 4.94      , 23.00      , 14.40      , 13.97      , 0.43      , 2.99      , -        ,1, 4.40      , 67.54      ,FIELD,,1, 0.35      ,,0, -        ,,0, -        ,1,1, 0.18      
5/7/2006,19, 7.19      , 24.00      , 15.08      , 15.59      , 0.51      , 3.40      , -        ,1, 5.08      , 72.62      ,FIELD,2,3, 1.06      ,1,1, 0.37      ,,0, -        ,4,2, 0.73      
5/8/2006,20, 7.44      , 25.38      , 15.43      , 16.41      , 0.98      , 6.33      , -        ,1, 5.43      , 78.05      ,FIELD,,3, 1.06      ,,1, 0.37      ,,0, -        ,4,2, 0.73      
5/9/2006,20, 6.69      , 21.62      , 14.83      , 14.15      , 0.68      , 4.55      , -        ,1, 4.83      , 82.88      ,FIELD,2,5, 1.77      ,1,2, 0.75      ,,0, -        ,7,4, 1.27      
5/10/2006,20, 6.00      , 19.62      , 11.77      , 12.81      , 1.04      , 8.80      , 0.50      ,1, 1.77      , 84.65      ,FIELD,,5, 1.77      ,,2, 0.75      ,,0, -        ,7,4, 1.27      
5/11/2006,20, 4.13      , 21.38      , 13.40      , 12.75      , 0.65      , 4.83      , -        ,1, 3.40      , 88.05      ,FIELD,1,6, 2.12      ,2,4, 1.49      ,,0, -        ,10,5, 1.81      
5/12/2006,20, 10.31      , 24.62      , 16.85      , 17.47      , 0.61      , 3.63      , -        ,1, 6.85      , 94.90      ,FIELD,,6, 2.12      ,,4, 1.49      ,,0, -        ,10,5, 1.81      
5/13/2006,20, 7.88      , 26.88      , 17.81      , 17.38      , 0.44      , 2.45      , -        ,1, 7.81      , 102.71      ,FIELD,0,6, 2.12      ,1,5, 1.87      ,,1, 100.00      ,11,6, 2.00      
5/14/2006,20, 9.50      , 21.00      , 13.75      , 15.25      , 1.50      , 10.95      , 3.00      ,1, 3.75      , 106.46      ,FIELD,,6, 2.12      ,,5, 1.87      ,,1, 100.00      ,11,6, 2.00      
5/15/2006,21, 3.31      , 17.38      , 10.33      , 10.34      , 0.02      , 0.15      , -        ,1, 0.33      , 106.79      ,FIELD,2,8, 2.83      ,1,6, 2.24      ,,1, 100.00      ,14,7, 2.54      
5/16/2006,21, 6.13      , 25.44      , 13.59      , 15.78      , 2.19      , 16.14      , 4.10      ,1, 3.59      , 110.37      ,FIELD,,8, 2.83      ,,6, 2.24      ,,1, 100.00      ,14,7, 2.54      
5/17/2006,21, 7.13      , 20.13      , 12.52      , 13.63      , 1.11      , 8.85      , 1.00      ,1, 2.52      , 112.89      ,FIELD,5,13, 4.59      ,3,9, 3.36      ,,1, 100.00      ,22,11, 3.99      
5/18/2006,21, 8.44      , 19.88      , 13.93      , 14.16      , 0.22      , 1.60      , -        ,1, 3.93      , 116.82      ,FIELD,,13, 4.59      ,,9, 3.36      ,,1, 100.00      ,22,11, 3.99      
5/19/2006,21, 9.19      , 19.94      , 13.67      , 14.56      , 0.89      , 6.52      , 17.30      ,1, 3.67      , 120.50      ,FIELD,7,20, 7.07      ,5,14, 5.22      ,,1, 100.00      ,34,17, 6.17      
5/20/2006,21, 7.75      , 21.13      , 13.91      , 14.44      , 0.53      , 3.82      , 5.10      ,1, 3.91      , 124.40      ,FIELD,,20, 7.07      ,,14, 5.22      ,,1, 100.00      ,34,17, 6.17      
5/21/2006,21, 8.31      , 14.13      , 11.39      , 11.22      , 0.17      , 1.48      , 2.00      ,1, 1.39      , 125.79      ,FIELD,0,20, 7.07      ,1,15, 5.60      ,,1, 100.00      ,35,18, 6.35      
5/22/2006,22, 7.94      , 24.88      , 16.68      , 16.41      , 0.27      , 1.64      , -        ,1, 6.68      , 132.47      ,FIELD,,20, 7.07      ,,15, 5.60      ,,1, 100.00      ,35,18, 6.35      
5/23/2006,22, 11.19      , 21.94      , 16.18      , 16.56      , 0.39      , 2.40      , -        ,1, 6.18      , 138.65      ,FIELD,3,23, 8.13      ,2,17, 6.34      ,,1, 100.00      ,40,20, 7.26      
5/24/2006,22, 7.63      , 16.62      , 12.67      , 12.12      , 0.55      , 4.31      , -        ,1, 2.67      , 141.31      ,FIELD,,23, 8.13      ,,17, 6.34      ,,1, 100.00      ,40,20, 7.26      
5/25/2006,22, 6.31      , 18.44      , 11.81      , 12.38      , 0.56      , 4.76      , 0.80      ,1, 1.81      , 143.13      ,FIELD,5,28, 9.89      ,1,18, 6.72      ,,1, 100.00      ,46,23, 8.35      
5/26/2006,22, 5.75      , 14.81      , 8.90      , 10.28      , 1.38      , 15.49      , 12.20      ,1, -        , 143.13      ,FIELD,,28, 9.89      ,,18, 6.72      ,,1, 100.00      ,46,23, 8.35      
5/27/2006,22, 1.44      , 16.25      , 9.67      , 8.84      , 0.83      , 8.55      , -        ,1, -        , 143.13      ,FIELD,0,28, 9.89      ,0,18, 6.72      ,,1, 100.00      ,46,23, 8.35      
5/28/2006,22, 5.00      , 14.62      , 10.06      , 9.81      , 0.25      , 2.50      , 6.00      ,1, 0.06      , 143.19      ,FIELD,,28, 9.89      ,,18, 6.72      ,,1, 100.00      ,46,23, 8.35      
5/29/2006,23, 5.63      , 15.38      , 9.01      , 10.50      , 1.49      , 16.49      , 2.00      ,1, -        , 143.19      ,FIELD,0,28, 9.89      ,0,18, 6.72      ,,1, 100.00      ,46,23, 8.35      
5/30/2006,23, 5.13      , 16.63      , 9.44      , 10.88      , 1.44      , 15.21      , -        ,1, -        , 143.19      ,FIELD,,28, 9.89      ,,18, 6.72      ,,1, 100.00      ,46,23, 8.35      
5/31/2006,23, 6.13      , 15.88      , 9.59      , 11.00      , 1.41      , 14.71      , 1.00      ,1, -        , 143.19      ,FIELD,2,30, 10.60      ,1,19, 7.09      ,,1, 100.00      ,49,25, 8.89      
6/1/2006,23, 6.13      , 17.44      , 9.45      , 11.78      , 2.33      , 24.70      , 0.50      ,1, -        , 143.19      ,FIELD,,30, 10.60      ,,19, 7.09      ,,1, 100.00      ,49,25, 8.89      
6/2/2006,23, 4.56      , 17.00      , 11.80      , 10.78      , 1.02      , 8.61      , -        ,1, 1.80      , 144.99      ,FIELD,0,30, 10.60      ,0,19, 7.09      ,,1, 100.00      ,49,25, 8.89      
6/3/2006,23, 8.63      , 19.38      , 14.15      , 14.00      , 0.15      , 1.06      , -        ,1, 4.15      , 149.14      ,FIELD,,30, 10.60      ,,19, 7.09      ,,1, 100.00      ,49,25, 8.89      
6/4/2006,23, 7.56      , 15.50      , 11.09      , 11.53      , 0.44      , 3.93      , -        ,1, 1.09      , 150.23      ,FIELD,0,30, 10.60      ,0,19, 7.09      ,,1, 100.00      ,49,25, 8.89      
6/5/2006,24, 6.13      , 14.00      , 8.77      , 10.06      , 1.29      , 14.71      , 1.30      ,1, -        , 150.23      ,FIELD,,30, 10.60      ,,19, 7.09      ,,1, 100.00      ,49,25, 8.89      
6/6/2006,24, 4.94      , 17.13      , 10.37      , 11.03      , 0.66      , 6.34      , -        ,1, 0.37      , 150.60      ,FIELD,1,31, 10.95      ,0,19, 7.09      ,,1, 100.00      ,50,25, 9.07      
6/7/2006,24, 2.94      , 14.81      , 9.86      , 8.88      , 0.99      , 9.99      , -        ,1, -        , 150.60      ,FIELD,,31, 10.95      ,,19, 7.09      ,,1, 100.00      ,50,25, 9.07      
6/8/2006,24, 3.75      , 19.62      , 11.94      , 11.69      , 0.25      , 2.11      , -        ,1, 1.94      , 152.54      ,FIELD,1,32, 11.31      ,0,19, 7.09      ,,1, 100.00      ,51,26, 9.26      
6/9/2006,24, 7.88      , 17.63      , 12.30      , 12.75      , 0.45      , 3.63      , -        ,1, 2.30      , 154.84      ,FIELD,,32, 11.31      ,,19, 7.09      ,,1, 100.00      ,51,26, 9.26      
6/10/2006,24, 5.38      , 19.63      , 13.17      , 12.50      , 0.67      , 5.11      , 1.00      ,1, 3.17      , 158.02      ,FIELD,1,33, 11.66      ,1,20, 7.46      ,,1, 100.00      ,53,27, 9.62      
6/11/2006,24, 8.44      , 22.75      , 16.30      , 15.59      , 0.70      , 4.31      , -        ,1, 6.30      , 164.31      ,FIELD,,33, 11.66      ,,20, 7.46      ,,1, 100.00      ,53,27, 9.62      
6/12/2006,25, 9.25      , 26.25      , 19.61      , 17.75      , 1.86      , 9.51      , -        ,1, 9.61      , 173.93      ,FIELD,2,35, 12.37      ,1,21, 7.84      ,,1, 100.00      ,56,28, 10.16      
6/13/2006,25, 21.69      , 24.00      , 22.83      , 22.84      , 0.02      , 0.07      , -        ,1, 12.83      , 186.76      ,FIELD,,35, 12.37      ,,21, 7.84      ,,1, 100.00      ,56,28, 10.16      
6/14/2006,25, 12.75      , 26.00      , 22.21      , 19.38      , 2.84      , 12.78      , -        ,1, 12.21      , 198.97      ,FIELD,5,40, 14.13      ,3,24, 8.96      ,,1, 100.00      ,64,32, 11.62      
6/15/2006,25, 10.88      , 28.62      , 21.44      , 19.75      , 1.69      , 7.89      , 4.10      ,1, 11.44      , 210.41      ,FIELD,,40, 14.13      ,,24, 8.96      ,,1, 100.00      ,64,32, 11.62      
6/16/2006,25, 13.38      , 26.94      , 21.41      , 20.16      , 1.25      , 5.86      , -        ,1, 11.41      , 221.82      ,FIELD,7,47, 16.61      ,4,28, 10.45      ,,1, 100.00      ,75,38, 13.61      
6/17/2006,25, 9.88      , 26.00      , 18.32      , 17.94      , 0.38      , 2.07      , -        ,1, 8.32      , 230.13      ,FIELD,,47, 16.61      ,,28, 10.45      ,,1, 100.00      ,75,38, 13.61      
6/18/2006,25, 12.38      , 20.81      , 16.42      , 16.59      , 0.18      , 1.08      , 2.00      ,1, 6.42      , 236.55      ,FIELD,4,51, 18.02      ,1,29, 10.82      ,,1, 100.00      ,80,40, 14.52      
6/19/2006,26, 10.44      , 26.19      , 18.17      , 18.31      , 0.14      , 0.79      , -        ,1, 8.17      , 244.72      ,FIELD,,51, 18.02      ,,29, 10.82      ,,1, 100.00      ,80,40, 14.52      
6/20/2006,26, 9.50      , 30.44      , 20.93      , 19.97      , 0.96      , 4.60      , -        ,1, 10.93      , 255.65      ,FIELD,3,54, 19.08      ,1,30, 11.19      ,,1, 100.00      ,84,42, 15.25      
6/21/2006,26, 12.31      , 32.25      , 22.70      , 22.28      , 0.41      , 1.82      , -        ,1, 12.70      , 268.35      ,FIELD,,54, 19.08      ,,30, 11.19      ,,1, 100.00      ,84,42, 15.25      
6/22/2006,26, 16.25      , 29.94      , 21.81      , 23.09      , 1.28      , 5.87      , 1.50      ,1, 11.81      , 280.16      ,FIELD,0,54, 19.08      ,0,30, 11.19      ,,1, 100.00      ,84,42, 15.25      
6/23/2006,26, 12.69      , 22.62      , 18.24      , 17.65      , 0.58      , 3.20      , 5.10      ,1, 8.24      , 288.40      ,FIELD,,54, 19.08      ,,30, 11.19      ,,1, 100.00      ,84,42, 15.25      
6/24/2006,26, 9.44      , 25.81      , 18.32      , 17.63      , 0.70      , 3.80      , -        ,1, 8.32      , 296.72      ,FIELD,0,54, 19.08      ,0,30, 11.19      ,,1, 100.00      ,84,42, 15.25      
6/25/2006,26, 9.44      , 29.75      , 20.37      , 19.59      , 0.78      , 3.81      , -        ,1, 10.37      , 307.09      ,FIELD,,54, 19.08      ,,30, 11.19      ,,1, 100.00      ,84,42, 15.25      
6/26/2006,27, 13.75      , 33.25      , 23.26      , 23.50      , 0.24      , 1.02      , -        ,1, 13.26      , 320.35      ,FIELD,0,54, 19.08      ,1,31, 11.57      ,,1, 100.00      ,85,43, 15.43      
6/27/2006,27, 16.50      , 30.81      , 23.72      , 23.66      , 0.06      , 0.26      , -        ,1, 13.72      , 334.07      ,FIELD,,54, 19.08      ,,31, 11.57      ,,1, 100.00      ,85,43, 15.43      
6/28/2006,27, 16.44      , 25.88      , 20.70      , 21.16      , 0.46      , 2.22      , 4.00      ,1, 10.70      , 344.77      ,FIELD,0,54, 19.08      ,2,33, 12.31      ,,1, 100.00      ,87,44, 15.79      
6/29/2006,27, 14.25      , 23.56      , 18.70      , 18.91      , 0.21      , 1.12      , 1.00      ,1, 8.70      , 353.46      ,FIELD,,54, 19.08      ,,33, 12.31      ,,1, 100.00      ,87,44, 15.79      
6/30/2006,27, 12.00      , 24.38      , 18.53      , 18.19      , 0.34      , 1.84      , -        ,1, 8.53      , 361.99      ,FIELD,2,56, 19.79      ,3,36, 13.43      ,,1, 100.00      ,92,46, 16.70      
7/1/2006,27, 13.44      , 25.00      , 18.76      , 19.22      , 0.46      , 2.45      , -        ,1, 8.76      , 370.75      ,FIELD,,56, 19.79      ,,36, 13.43      ,,1, 100.00      ,92,46, 16.70      
7/2/2006,27, 10.19      , 26.88      , 18.96      , 18.53      , 0.43      , 2.28      , -        ,1, 8.96      , 379.71      ,FIELD,14,70, 24.73      ,8,44, 16.42      ,,1, 100.00      ,114,57, 20.69      
7/3/2006,28, 7.00      , 26.31      , 17.75      , 16.66      , 1.09      , 6.14      , -        ,1, 7.75      , 387.46      ,FIELD,,70, 24.73      ,,44, 16.42      ,,1, 100.00      ,114,57, 20.69      
7/4/2006,28, 7.50      , 29.44      , 19.89      , 18.47      , 1.42      , 7.13      , -        ,1, 9.89      , 397.35      ,FIELD,16,86, 30.39      ,9,53, 19.78      ,,1, 100.00      ,139,70, 25.23      
7/5/2006,28, 10.13      , 32.56      , 22.13      , 21.34      , 0.78      , 3.53      , -        ,1, 12.13      , 409.47      ,FIELD,,86, 30.39      ,,53, 19.78      ,,1, 100.00      ,139,70, 25.23      
7/6/2006,28, 12.56      , 32.81      , 23.57      , 22.69      , 0.88      , 3.75      , -        ,1, 13.57      , 423.04      ,FIELD,17,103, 36.40      ,12,65, 24.25      ,,1, 100.00      ,168,84, 30.49      
7/7/2006,28, 12.63      , 33.63      , 23.90      , 23.13      , 0.77      , 3.24      , -        ,1, 13.90      , 436.94      ,FIELD,,103, 36.40      ,,65, 24.25      ,,1, 100.00      ,168,84, 30.49      
7/8/2006,28, 13.38      , 34.56      , 24.91      , 23.97      , 0.94      , 3.78      , -        ,1, 14.91      , 451.85      ,FIELD,17,120, 42.40      ,16,81, 30.22      ,,1, 100.00      ,201,101, 36.48      
7/9/2006,28, 16.88      , 30.69      , 25.63      , 23.78      , 1.85      , 7.20      , -        ,1, 15.63      , 467.48      ,FIELD,,120, 42.40      ,,81, 30.22      ,,1, 100.00      ,201,101, 36.48      
7/10/2006,29, 17.31      , 36.62      , 26.13      , 26.97      , 0.84      , 3.21      , -        ,1, 16.13      , 483.60      ,FIELD,20,140, 49.47      ,19,100, 37.31      ,,1, 100.00      ,240,120, 43.56      
7/11/2006,29, 18.00      , 34.81      , 26.58      , 26.41      , 0.17      , 0.64      , -        ,1, 16.58      , 500.18      ,FIELD,,140, 49.47      ,,100, 37.31      ,,1, 100.00      ,240,120, 43.56      
7/12/2006,29, 16.25      , 34.44      , 25.07      , 25.34      , 0.27      , 1.09      , 10.90      ,1, 15.07      , 515.25      ,FIELD,12,152, 53.71      ,14,114, 42.54      ,,1, 100.00      ,266,133, 48.28      
7/13/2006,29, 16.25      , 32.31      , 23.57      , 24.28      , 0.71      , 3.01      , 7.70      ,1, 13.57      , 528.82      ,FIELD,,152, 53.71      ,,114, 42.54      ,,1, 100.00      ,266,133, 48.28      
7/14/2006,29, 14.19      , 23.69      , 19.39      , 18.94      , 0.46      , 2.35      , -        ,1, 9.39      , 538.22      ,FIELD,6,158, 55.83      ,11,125, 46.64      ,,1, 100.00      ,283,142, 51.36      
7/15/2006,29, 11.25      , 23.00      , 16.86      , 17.13      , 0.26      , 1.55      , -        ,1, 6.86      , 545.08      ,FIELD,,158, 55.83      ,,125, 46.64      ,,1, 100.00      ,283,142, 51.36      
7/16/2006,29, 9.81      , 23.13      , 16.80      , 16.47      , 0.33      , 1.98      , -        ,1, 6.80      , 551.88      ,FIELD,11,169, 59.72      ,17,142, 52.99      ,,1, 100.00      ,311,156, 56.44      
7/17/2006,30, 9.38      , 26.13      , 18.29      , 17.75      , 0.54      , 2.93      , -        ,1, 8.29      , 560.17      ,FIELD,,169, 59.72      ,,142, 52.99      ,,1, 100.00      ,311,156, 56.44      
7/18/2006,30, 12.56      , 30.62      , 22.07      , 21.59      , 0.48      , 2.19      , -        ,1, 12.07      , 572.24      ,FIELD,8,177, 62.54      ,12,154, 57.46      ,,1, 100.00      ,331,166, 60.07      
7/19/2006,30, 15.19      , 28.38      , 21.45      , 21.78      , 0.34      , 1.57      , -        ,1, 11.45      , 583.68      ,FIELD,,177, 62.54      ,,154, 57.46      ,,1, 100.00      ,331,166, 60.07      
7/20/2006,30, 11.63      , 31.50      , 22.05      , 21.56      , 0.49      , 2.21      , -        ,1, 12.05      , 595.73      ,FIELD,14,191, 67.49      ,13,167, 62.31      ,,1, 100.00      ,358,179, 64.97      
7/21/2006,30, 16.19      , 34.56      , 23.18      , 25.38      , 2.19      , 9.47      , -        ,1, 13.18      , 608.92      ,FIELD,,191, 67.49      ,,167, 62.31      ,,1, 100.00      ,358,179, 64.97      
7/22/2006,30, 16.31      , 28.94      , 22.76      , 22.63      , 0.13      , 0.59      , 4.00      ,1, 12.76      , 621.67      ,FIELD,7,198, 69.96      ,9,176, 65.67      ,,1, 100.00      ,374,187, 67.88      
7/23/2006,30, 15.56      , 30.19      , 22.90      , 22.88      , 0.03      , 0.11      , -        ,1, 12.90      , 634.57      ,FIELD,,198, 69.96      ,,176, 65.67      ,,1, 100.00      ,374,187, 67.88      
7/24/2006,31, 14.88      , 33.81      , 24.68      , 24.34      , 0.34      , 1.37      , -        ,1, 14.68      , 649.26      ,FIELD,4,202, 71.38      ,7,183, 68.28      ,,1, 100.00      ,385,193, 69.87      
7/25/2006,31, 18.25      , 29.63      , 24.06      , 23.94      , 0.12      , 0.50      , -        ,1, 14.06      , 663.31      ,FIELD,,202, 71.38      ,,183, 68.28      ,,1, 100.00      ,385,193, 69.87      
7/26/2006,31, 15.13      , 32.31      , 23.66      , 23.72      , 0.06      , 0.25      , -        ,1, 13.66      , 676.97      ,FIELD,6,208, 73.50      ,5,188, 70.15      ,,1, 100.00      ,396,198, 71.87      
7/27/2006,31, 16.69      , 30.81      , 23.68      , 23.75      , 0.07      , 0.29      , -        ,1, 13.68      , 690.65      ,FIELD,,208, 73.50      ,,188, 70.15      ,,1, 100.00      ,396,198, 71.87      
7/28/2006,31, 12.38      , 30.69      , 21.35      , 21.53      , 0.18      , 0.83      , -        ,1, 11.35      , 702.01      ,FIELD,2,210, 74.20      ,1,189, 70.52      ,,1, 100.00      ,399,200, 72.41      
7/29/2006,31, 11.38      , 31.69      , 22.19      , 21.53      , 0.66      , 2.98      , -        ,1, 12.19      , 714.20      ,FIELD,,210, 74.20      ,,189, 70.52      ,,1, 100.00      ,399,200, 72.41      
7/30/2006,31, 15.75      , 26.25      , 21.36      , 21.00      , 0.36      , 1.67      , -        ,1, 11.36      , 725.56      ,FIELD,4,214, 75.62      ,3,192, 71.64      ,,1, 100.00      ,406,203, 73.68      
7/31/2006,32, 12.56      , 30.13      , 21.21      , 21.34      , 0.13      , 0.62      , -        ,1, 11.21      , 736.77      ,FIELD,,214, 75.62      ,,192, 71.64      ,,1, 100.00      ,406,203, 73.68      
8/1/2006,32, 15.88      , 21.31      , 18.18      , 18.59      , 0.41      , 2.27      , 8.20      ,1, 8.18      , 744.95      ,FIELD,3,217, 76.68      ,3,195, 72.76      ,,1, 100.00      ,412,206, 74.77      
8/2/2006,32, 13.38      , 24.62      , 18.29      , 19.00      , 0.70      , 3.85      , -        ,1, 8.29      , 753.24      ,FIELD,,217, 76.68      ,,195, 72.76      ,,1, 100.00      ,412,206, 74.77      
8/3/2006,32, 12.56      , 25.94      , 19.15      , 19.25      , 0.10      , 0.52      , 0.50      ,1, 9.15      , 762.39      ,FIELD,1,218, 77.03      ,2,197, 73.51      ,,1, 100.00      ,415,208, 75.32      
8/4/2006,32, 13.00      , 17.38      , 14.95      , 15.19      , 0.24      , 1.60      , 10.10      ,1, 4.95      , 767.34      ,FIELD,,218, 77.03      ,,197, 73.51      ,,1, 100.00      ,415,208, 75.32      
8/5/2006,32, 12.25      , 23.44      , 16.87      , 17.84      , 0.98      , 5.79      , -        ,1, 6.87      , 774.21      ,FIELD,3,221, 78.09      ,5,202, 75.37      ,,1, 100.00      ,423,212, 76.77      
8/6/2006,32, 12.56      , 17.62      , 14.19      , 15.09      , 0.90      , 6.32      , 79.30      ,1, 4.19      , 778.40      ,FIELD,,221, 78.09      ,,202, 75.37      ,,1, 100.00      ,423,212, 76.77      
8/7/2006,33, 11.50      , 26.50      , 17.61      , 19.00      , 1.39      , 7.88      , -        ,1, 7.61      , 786.01      ,FIELD,6,227, 80.21      ,7,209, 77.99      ,,1, 100.00      ,436,218, 79.13      
8/8/2006,33, 13.94      , 24.88      , 17.71      , 19.41      , 1.70      , 9.61      , -        ,1, 7.71      , 793.72      ,FIELD,,227, 80.21      ,,209, 77.99      ,,1, 100.00      ,436,218, 79.13      
8/9/2006,33, 13.50      , 19.56      , 15.59      , 16.53      , 0.94      , 6.01      , 19.80      ,1, 5.59      , 799.31      ,FIELD,2,229, 80.92      ,4,213, 79.48      ,,1, 100.00      ,442,221, 80.22      
8/10/2006,33, 13.88      , 20.56      , 16.34      , 17.22      , 0.88      , 5.36      , 3.50      ,1, 6.34      , 805.65      ,FIELD,,229, 80.92      ,,213, 79.48      ,,1, 100.00      ,442,221, 80.22      
8/11/2006,33, 13.50      , 21.00      , 16.42      , 17.25      , 0.83      , 5.06      , 9.90      ,1, 6.42      , 812.07      ,FIELD,3,232, 81.98      ,3,216, 80.60      ,,1, 100.00      ,448,224, 81.31      
8/12/2006,33, 13.00      , 22.00      , 17.56      , 17.50      , 0.06      , 0.37      , 6.00      ,1, 7.56      , 819.64      ,NOAA,,232, 81.98      ,,216, 80.60      ,,1, 100.00      ,448,224, 81.31      
8/13/2006,33, 15.00      , 22.00      , 17.86      , 18.50      , 0.64      , 3.61      , 2.50      ,1, 7.86      , 827.49      ,NOAA,2,234, 82.69      ,3,219, 81.72      ,,1, 100.00      ,453,227, 82.21      
8/14/2006,34, 13.90      , 19.00      , 15.67      , 16.45      , 0.78      , 5.00      , 1.00      ,1, 5.67      , 833.16      ,NOAA,,234, 82.69      ,,219, 81.72      ,,1, 100.00      ,453,227, 82.21      
8/15/2006,34, 13.00      , 22.00      , 17.63      , 17.50      , 0.13      , 0.72      , -        ,1, 7.63      , 840.79      ,NOAA,4,238, 84.10      ,4,223, 83.21      ,,1, 100.00      ,461,231, 83.67      
8/16/2006,34, 12.00      , 24.00      , 19.07      , 18.00      , 1.07      , 5.61      , -        ,1, 9.07      , 849.86      ,NOAA,,238, 84.10      ,,223, 83.21      ,,1, 100.00      ,461,231, 83.67      
8/17/2006,34, 16.00      , 29.00      , 21.89      , 22.50      , 0.61      , 2.79      , 4.10      ,1, 11.89      , 861.75      ,NOAA,7,245, 86.57      ,6,229, 85.45      ,,1, 100.00      ,474,237, 86.03      
8/18/2006,34, 16.00      , 28.00      , 21.18      , 22.00      , 0.83      , 3.90      , 1.00      ,1, 11.18      , 872.92      ,NOAA,,245, 86.57      ,,229, 85.45      ,,1, 100.00      ,474,237, 86.03      
8/19/2006,34, 15.00      , 23.20      , 19.65      , 19.10      , 0.55      , 2.81      , -        ,1, 9.65      , 882.57      ,NOAA,6,251, 88.69      ,8,237, 88.43      ,,1, 100.00      ,488,244, 88.57      
8/20/2006,34, 13.00      , 25.00      , 19.16      , 19.00      , 0.16      , 0.83      , -        ,1, 9.16      , 891.73      ,NOAA,,251, 88.69      ,,237, 88.43      ,,1, 100.00      ,488,244, 88.57      
8/21/2006,35, 14.00      , 22.50      , 18.31      , 18.25      , 0.06      , 0.35      , 10.20      ,1, 8.31      , 900.05      ,NOAA,5,256, 90.46      ,6,243, 90.67      ,,1, 100.00      ,499,250, 90.56      
8/22/2006,35, 14.00      , 21.00      , 17.18      , 17.50      , 0.32      , 1.86      , -        ,1, 7.18      , 907.23      ,NOAA,,256, 90.46      ,,243, 90.67      ,,1, 100.00      ,499,250, 90.56      
8/23/2006,35, 13.00      , 21.80      , 17.01      , 17.40      , 0.39      , 2.29      , -        ,1, 7.01      , 914.24      ,NOAA,4,260, 91.87      ,3,246, 91.79      ,,1, 100.00      ,506,253, 91.83      
8/24/2006,35, 11.00      , 21.00      , 17.30      , 16.00      , 1.30      , 7.50      , -        ,1, 7.30      , 921.54      ,NOAA,,260, 91.87      ,,246, 91.79      ,,1, 100.00      ,506,253, 91.83      
8/25/2006,35, 10.00      , 24.00      , 17.39      , 17.00      , 0.39      , 2.26      , 6.10      ,1, 7.39      , 928.93      ,NOAA,2,262, 92.58      ,3,249, 92.91      ,,1, 100.00      ,511,256, 92.74      
8/26/2006,35, 13.00      , 22.00      , 17.63      , 17.50      , 0.13      , 0.72      , 21.40      ,1, 7.63      , 936.56      ,NOAA,,262, 92.58      ,,249, 92.91      ,,1, 100.00      ,511,256, 92.74      
8/27/2006,35, 10.00      , 21.00      , 16.34      , 15.50      , 0.84      , 5.11      , -        ,1, 6.34      , 942.89      ,NOAA,2,264, 93.29      ,1,250, 93.28      ,,1, 100.00      ,514,257, 93.28      
8/28/2006,36, 11.00      , 20.00      , 15.14      , 15.50      , 0.36      , 2.37      , -        ,1, 5.14      , 948.03      ,NOAA,,264, 93.29      ,,250, 93.28      ,,1, 100.00      ,514,257, 93.28      
8/29/2006,36, 10.00      , 16.00      , 13.15      , 13.00      , 0.15      , 1.17      , 3.80      ,1, 3.15      , 951.19      ,NOAA,1,265, 93.64      ,0,250, 93.28      ,,1, 100.00      ,515,258, 93.47      
8/30/2006,36, 11.90      , 13.00      , 12.49      , 12.45      , 0.04      , 0.35      , 31.20      ,1, 2.49      , 953.68      ,NOAA,,265, 93.64      ,,250, 93.28      ,,1, 100.00      ,515,258, 93.47      
8/31/2006,36, 13.00      , 22.00      , 16.86      , 17.50      , 0.64      , 3.82      , 15.00      ,1, 6.86      , 960.54      ,NOAA,2,267, 94.35      ,1,251, 93.66      ,,1, 100.00      ,518,259, 94.01      
9/1/2006,36, 11.00      , 18.00      , 14.67      , 14.50      , 0.17      , 1.13      , -        ,1, 4.67      , 965.20      ,NOAA,,267, 94.35      ,,251, 93.66      ,,1, 100.00      ,518,259, 94.01      
9/2/2006,36, 12.50      , 24.00      , 18.43      , 18.25      , 0.18      , 0.96      , -        ,1, 8.43      , 973.63      ,NOAA,3,270, 95.41      ,2,253, 94.40      ,,1, 100.00      ,523,262, 94.92      
9/3/2006,36, 14.00      , 22.00      , 18.31      , 18.00      , 0.31      , 1.70      , 4.00      ,1, 8.31      , 981.94      ,NOAA,,270, 95.41      ,,253, 94.40      ,,1, 100.00      ,523,262, 94.92      
9/4/2006,37, 15.00      , 21.00      , 18.11      , 18.00      , 0.11      , 0.60      , 1.60      ,1, 8.11      , 990.05      ,NOAA,2,272, 96.11      ,3,256, 95.52      ,,1, 100.00      ,528,264, 95.83      
9/5/2006,37, 14.00      , 17.40      , 15.51      , 15.70      , 0.19      , 1.22      , -        ,1, 5.51      , 995.56      ,NOAA,,272, 96.11      ,,256, 95.52      ,,1, 100.00      ,528,264, 95.83      
9/6/2006,37, 11.00      , 19.00      , 15.28      , 15.00      , 0.28      , 1.84      , -        ,1, 5.28      ," 1,000.84      ",NOAA,1,273, 96.47      ,2,258, 96.27      ,,1, 100.00      ,531,266, 96.37      
9/7/2006,37, 15.00      , 25.40      , 20.04      , 20.20      , 0.16      , 0.79      , -        ,1, 10.04      ," 1,010.88      ",NOAA,,273, 96.47      ,,258, 96.27      ,,1, 100.00      ,531,266, 96.37      
9/8/2006,37, 10.00      , 19.00      , 14.12      , 14.50      , 0.38      , 2.69      , 7.10      ,1, 4.12      ," 1,015.00      ",NOAA,1,274, 96.82      ,1,259, 96.64      ,,1, 100.00      ,533,267, 96.73      
9/9/2006,37, 9.00      , 18.00      , 13.49      , 13.50      , 0.01      , 0.09      , 1.00      ,1, 3.49      ," 1,018.49      ",NOAA,,274, 96.82      ,,259, 96.64      ,,1, 100.00      ,533,267, 96.73      
9/10/2006,37, 8.00      , 18.00      , 13.23      , 13.00      , 0.23      , 1.72      , -        ,1, 3.23      ," 1,021.72      ",NOAA,1,275, 97.17      ,1,260, 97.01      ,,1, 100.00      ,535,268, 97.10      
9/11/2006,38, 7.00      , 22.00      , 14.95      , 14.50      , 0.45      , 2.98      , -        ,1, 4.95      ," 1,026.66      ",NOAA,,275, 97.17      ,,260, 97.01      ,,1, 100.00      ,535,268, 97.10      
9/12/2006,38, 9.90      , 21.00      , 15.59      , 15.45      , 0.14      , 0.90      , -        ,1, 5.59      ," 1,032.25      ",NOAA,0,275, 97.17      ,0,260, 97.01      ,,1, 100.00      ,535,268, 97.10      
9/13/2006,38, 9.00      , 23.00      , 16.38      , 16.00      , 0.38      , 2.30      , -        ,1, 6.38      ," 1,038.63      ",NOAA,,275, 97.17      ,,260, 97.01      ,,1, 100.00      ,535,268, 97.10      
9/14/2006,38, 10.00      , 23.20      , 16.91      , 16.60      , 0.31      , 1.81      , -        ,1, 6.91      ," 1,045.54      ",NOAA,2,277, 97.88      ,1,261, 97.39      ,,1, 100.00      ,538,269, 97.64      
9/15/2006,38, 11.00      , 24.00      , 17.59      , 17.50      , 0.09      , 0.50      , -        ,1, 7.59      ," 1,053.13      ",NOAA,,277, 97.88      ,,261, 97.39      ,,1, 100.00      ,538,269, 97.64      
9/16/2006,38, 13.00      , 21.10      , 16.59      , 17.05      , 0.46      , 2.80      , -        ,1, 6.59      ," 1,059.71      ",NOAA,1,278, 98.23      ,2,263, 98.13      ,,1, 100.00      ,541,271, 98.19      
9/17/2006,38, 11.00      , 21.20      , 16.07      , 16.10      , 0.03      , 0.18      , -        ,1, 6.07      ," 1,065.78      ",NOAA,,278, 98.23      ,,263, 98.13      ,,1, 100.00      ,541,271, 98.19      
9/18/2006,39, 13.00      , 23.00      , 17.51      , 18.00      , 0.49      , 2.82      , -        ,1, 7.51      ," 1,073.29      ",NOAA,2,280, 98.94      ,1,264, 98.51      ,,1, 100.00      ,544,272, 98.73      
9/19/2006,39, 11.00      , 23.00      , 17.53      , 17.00      , 0.53      , 3.03      , -        ,1, 7.53      ," 1,080.82      ",NOAA,,280, 98.94      ,,264, 98.51      ,,1, 100.00      ,544,272, 98.73      
9/20/2006,39, 9.00      , 20.20      , 15.99      , 14.60      , 1.39      , 8.71      , 21.80      ,1, 5.99      ," 1,086.81      ",NOAA,0,280, 98.94      ,1,265, 98.88      ,,1, 100.00      ,545,273, 98.91      
9/21/2006,39, 9.00      , 20.00      , 14.15      , 14.50      , 0.35      , 2.46      , -        ,1, 4.15      ," 1,090.96      ",NOAA,,280, 98.94      ,,265, 98.88      ,,1, 100.00      ,545,273, 98.91      
9/22/2006,39, 9.00      , 20.00      , 14.63      , 14.50      , 0.13      , 0.91      , -        ,1, 4.63      ," 1,095.60      ",NOAA,1,281, 99.29      ,2,267, 99.63      ,,1, 100.00      ,548,274, 99.46      
9/23/2006,39, 9.38      , 25.31      , 15.84      , 17.34      , 1.50      , 9.47      , -        ,1, 5.84      ," 1,101.44      ",FIELD,,281, 99.29      ,,267, 99.63      ,,1, 100.00      ,548,274, 99.46      
9/24/2006,39, 6.63      , 26.44      , 14.78      , 16.53      , 1.75      , 11.85      , -        ,1, 4.78      ," 1,106.22      ",FIELD,1,282, 99.65      ,1,268, 100.00      ,,1, 100.00      ,550,275, 99.82      
9/25/2006,40, 7.44      , 26.25      , 15.29      , 16.84      , 1.55      , 10.15      , -        ,1, 5.29      ," 1,111.51      ",FIELD,,282, 99.65      ,,268, 100.00      ,,1, 100.00      ,550,275, 99.82      
9/26/2006,40, 6.25      , 26.62      , 14.60      , 16.44      , 1.84      , 12.57      , -        ,1, 4.60      ," 1,116.11      ",FIELD,1,283, 100.00      ,0,268, 100.00      ,,1, 100.00      ,551,276, 100.00      
9/27/2006,40, 6.63      , 25.69      , 14.15      , 16.16      , 2.01      , 14.21      , -        ,1, 4.15      ," 1,120.26      ",FIELD,,283, 100.00      ,,268, 100.00      ,,1, 100.00      ,551,276, 100.00      
9/28/2006,40, 8.50      , 17.69      , 12.37      , 13.09      , 0.72      , 5.82      , 17.80      ,1, 2.37      ," 1,122.63      ",FIELD,0,283, 100.00      ,0,268, 100.00      ,,1, 100.00      ,551,276, 100.00      
9/29/2006,40, 8.50      , 21.94      , 13.16      , 15.22      , 2.06      , 15.64      , -        ,1, 3.16      ," 1,125.79      ",FIELD,,283, 100.00      ,,268, 100.00      ,,1, 100.00      ,551,276, 100.00      
9/30/2006,40, 9.56      , 24.19      , 14.74      , 16.88      , 2.14      , 14.49      , -        ,1, 4.74      ," 1,130.53      ",FIELD,0,283, 100.00      ,0,268, 100.00      ,,1, 100.00      ,551,276, 100.00      
10/1/2006,40, 9.75      , 19.81      , 14.37      , 14.78      , 0.42      , 2.89      , 15.00      ,1, 4.37      ," 1,134.90      ",FIELD,,283, 100.00      ,,268, 100.00      ,,1, 100.00      ,551,276, 100.00      
10/2/2006,41, 11.38      , 18.56      , 14.74      , 14.97      , 0.23      , 1.57      , 2.00      ,1, 4.74      ," 1,139.63      ",FIELD,0,283, 100.00      ,0,268, 100.00      ,,1, 100.00      ,551,276, 100.00      
10/3/2006,41, 9.88      , 14.62      , 12.02      , 12.25      , 0.22      , 1.86      , 10.70      ,1, 2.02      ," 1,141.66      ",FIELD,,283, 100.00      ,,268, 100.00      ,,1, 100.00      ,551,276, 100.00      
10/4/2006,41, 10.63      , 14.62      , 12.72      , 12.62      , 0.10      , 0.79      , 6.60      ,1, 2.72      ," 1,144.38      ",FIELD,0,283, 100.00      ,0,268, 100.00      ,,1, 100.00      ,551,276, 100.00      
10/5/2006,41, 7.44      , 13.38      , 9.63      , 10.41      , 0.78      , 8.08      , -        ,1, -        ," 1,144.38      ",FIELD,,283, 100.00      ,,268, 100.00      ,,1, 100.00      ,551,276, 100.00      
10/6/2006,41, 6.75      , 18.44      , 11.01      , 12.59      , 1.59      , 14.43      , -        ,1, 1.01      ," 1,145.39      ",FIELD,0,283, 100.00      ,0,268, 100.00      ,,1, 100.00      ,551,276, 100.00      
10/7/2006,41, 7.25      , 18.50      , 12.57      , 12.88      , 0.30      , 2.42      , -        ,1, 2.57      ," 1,147.96      ",FIELD,,283, 100.00      ,,268, 100.00      ,,1, 100.00      ,551,276, 100.00      
10/8/2006,41, 9.13      , 17.44      , 11.54      , 13.28      , 1.74      , 15.08      , -        ,1, 1.54      ," 1,149.50      ",FIELD,0,283, 100.00      ,0,268, 100.00      ,,1, 100.00      ,551,276, 100.00      
10/9/2006,42, 5.94      , 18.13      , 11.44      , 12.03      , 0.59      , 5.18      , -        ,1, 1.44      ," 1,150.94      ",FIELD,,283, 100.00      ,,268, 100.00      ,,1, 100.00      ,551,276, 100.00      
10/10/2006,42, 3.81      , 20.44      , 10.61      , 12.13      , 1.51      , 14.27      , -        ,1, 0.61      ," 1,151.55      ",FIELD,0,283, 100.00      ,0,268, 100.00      ,,1, 100.00      ,551,276, 100.00      
10/11/2006,42, 5.00      , 21.81      , 10.82      , 13.41      , 2.59      , 23.90      , -        ,1, 0.82      ," 1,152.37      ",FIELD,,283, 100.00      ,,268, 100.00      ,,1, 100.00      ,551,276, 100.00      
10/12/2006,42, 5.38      , 19.56      , 10.60      , 12.47      , 1.87      , 17.64      , -        ,1, 0.60      ," 1,152.97      ",FIELD,,283, 100.00      ,,268, 100.00      ,,1, 100.00      ,551,276, 100.00      
10/13/2006,42, 6.13      , 20.38      , 11.01      , 13.25      , 2.24      , 20.40      , -        ,1, 1.01      ," 1,153.97      ",FIELD,,283, 100.00      ,,268, 100.00      ,,1, 100.00      ,551,276, 100.00      
10/14/2006,42, 6.50      , 8.62      , 7.61      , 7.56      , 0.05      , 0.63      , -        ,1, -        ," 1,153.97      ",FIELD,,283, 100.00      ,,268, 100.00      ,,1, 100.00      ,551,276, 100.00      
10/15/2006,42, 4.44      , 11.50      , 7.54      , 7.97      , 0.43      , 5.74      , 2.00      ,1, -        ," 1,153.97      ",FIELD,,283, 100.00      ,,268, 100.00      ,,1, 100.00      ,551,276, 100.00      
10/16/2006,43,-1.00      , 8.19      , 3.90      , 3.59      , 0.31      , 7.86      , -        ,1, -        ," 1,153.97      ",FIELD,,283, 100.00      ,,268, 100.00      ,,1, 100.00      ,551,276, 100.00      
10/17/2006,43,-1.88      , 12.38      , 3.80      , 5.25      , 1.45      , 38.33      , -        ,1, -        ," 1,153.97      ",FIELD,,283, 100.00      ,,268, 100.00      ,,1, 100.00      ,551,276, 100.00      
10/18/2006,43,-2.88      , 16.88      , 3.96      , 7.00      , 3.04      , 76.97      , -        ,1, -        ," 1,153.97      ",FIELD,,283, 100.00      ,,268, 100.00      ,,1, 100.00      ,551,276, 100.00      
10/19/2006,43,-1.75      , 18.62      , 5.47      , 8.44      , 2.96      , 54.14      , -        ,1, -        ," 1,153.97      ",FIELD,,283, 100.00      ,,268, 100.00      ,,1, 100.00      ,551,276, 100.00      
10/20/2006,43, 1.25      , 16.13      , 7.30      , 8.69      , 1.39      , 18.98      , -        ,1, -        ," 1,153.97      ",FIELD,,283, 100.00      ,,268, 100.00      ,,1, 100.00      ,551,276, 100.00      
10/21/2006,43, 6.13      , 19.63      , 10.78      , 12.88      , 2.10      , 19.47      , -        ,1, 0.78      ," 1,154.75      ",FIELD,,283, 100.00      ,,268, 100.00      ,,1, 100.00      ,551,276, 100.00      
10/22/2006,43, 9.19      , 19.31      , 12.54      , 14.25      , 1.71      , 13.60      , -        ,1, 2.54      ," 1,157.29      ",FIELD,,283, 100.00      ,,268, 100.00      ,,1, 100.00      ,551,276, 100.00      
10/23/2006,44, 6.19      , 13.50      , 9.93      , 9.84      , 0.09      , 0.86      , -        ,1, -        ," 1,157.29      ",FIELD,,283, 100.00      ,,268, 100.00      ,,1, 100.00      ,551,276, 100.00      
10/24/2006,44, 7.69      , 14.81      , 11.46      , 11.25      , 0.21      , 1.82      , -        ,1, 1.46      ," 1,158.75      ",FIELD,,283, 100.00      ,,268, 100.00      ,,1, 100.00      ,551,276, 100.00      
10/25/2006,44, 6.00      , 12.50      , 10.01      , 9.25      , 0.76      , 7.58      , 2.00      ,1, 0.01      ," 1,158.76      ",FIELD,,283, 100.00      ,,268, 100.00      ,,1, 100.00      ,551,276, 100.00      
10/26/2006,44, 0.88      , 17.63      , 7.65      , 9.25      , 1.60      , 20.86      , -        ,1, -        ," 1,158.76      ",FIELD,,283, 100.00      ,,268, 100.00      ,,1, 100.00      ,551,276, 100.00      
10/27/2006,44, 8.69      , 20.63      , 13.79      , 14.66      , 0.87      , 6.28      , -        ,1, 3.79      ," 1,162.55      ",FIELD,,283, 100.00      ,,268, 100.00      ,,1, 100.00      ,551,276, 100.00      
10/28/2006,44, 5.75      , 14.81      , 8.67      , 10.28      , 1.61      , 18.54      , -        ,1, -        ," 1,162.55      ",FIELD,,283, 100.00      ,,268, 100.00      ,,1, 100.00      ,551,276, 100.00      
10/29/2006,44,-1.94      , 10.69      , 6.03      , 4.38      , 1.65      , 27.45      , 10.00      ,1, -        ," 1,162.55      ",FIELD,,283, 100.00      ,,268, 100.00      ,,1, 100.00      ,551,276, 100.00      
10/30/2006,45,-4.19      , 8.88      ,-0.70      , 2.34      , 3.04      , 434.62      , 1.00      ,1, -        ," 1,162.55      ",FIELD,,283, 100.00      ,,268, 100.00      ,,1, 100.00      ,551,276, 100.00      
10/31/2006,45,-4.62      , 7.69      , 2.80      , 1.53      , 1.27      , 45.23      , -        ,1, -        ," 1,162.55      ",FIELD,,283, 100.00      ,,268, 100.00      ,,1, 100.00      ,551,276, 100.00      
11/1/2006,45, 0.19      , 10.00      , 5.30      , 5.09      , 0.21      , 3.97      , 3.50      ,1, -        ," 1,162.55      ",FIELD,,283, 100.00      ,,268, 100.00      ,,1, 100.00      ,551,276, 100.00      
11/2/2006,45,-3.69      , 0.94      ,-1.10      ,-1.38      , 0.27      , 24.99      , 1.50      ,1, -        ," 1,162.55      ",FIELD,,283, 100.00      ,,268, 100.00      ,,1, 100.00      ,551,276, 100.00      
11/3/2006,45,-4.81      , 3.81      ,-2.29      ,-0.50      , 1.79      , 78.15      , -        ,1, -        ," 1,162.55      ",FIELD,,283, 100.00      ,,268, 100.00      ,,1, 100.00      ,551,276, 100.00      
11/4/2006,45,-4.75      ,-1.00      ,-2.46      ,-2.88      , 0.42      , 17.10      , 4.10      ,1, -        ," 1,162.55      ",FIELD,,283, 100.00      ,,268, 100.00      ,,1, 100.00      ,551,276, 100.00      
11/5/2006,45,-4.56      , 5.81      ,-0.11      , 0.63      , 0.74      , 660.43      , 28.00      ,1, -        ," 1,162.55      ",FIELD,,283, 100.00      ,,268, 100.00      ,,1, 100.00      ,551,276, 100.00      
11/6/2006,46,-5.62      , 8.62      , 1.71      , 1.50      , 0.21      , 12.34      , 7.10      ,1, -        ," 1,162.55      ",FIELD,,283, 100.00      ,,268, 100.00      ,,1, 100.00      ,551,276, 100.00      
11/7/2006,46, 6.19      , 8.75      , 7.57      , 7.47      , 0.10      , 1.28      , 0.50      ,1, -        ," 1,162.55      ",FIELD,,283, 100.00      ,,268, 100.00      ,,1, 100.00      ,551,276, 100.00      
11/8/2006,46, 2.88      , 8.25      , 4.75      , 5.56      , 0.81      , 17.10      , -        ,1, -        ," 1,162.55      ",FIELD,,283, 100.00      ,,268, 100.00      ,,1, 100.00      ,551,276, 100.00      
11/9/2006,46, 3.19      , 10.31      , 6.12      , 6.75      , 0.63      , 10.32      , -        ,1, -        ," 1,162.55      ",FIELD,,283, 100.00      ,,268, 100.00      ,,1, 100.00      ,551,276, 100.00      
11/10/2006,46,-1.88      , 7.38      , 2.54      , 2.75      , 0.21      , 8.43      , -        ,1, -        ," 1,162.55      ",FIELD,,283, 100.00      ,,268, 100.00      ,,1, 100.00      ,551,276, 100.00      
11/11/2006,46,-2.62      , 3.69      , 1.03      , 0.53      , 0.50      , 48.15      , -        ,1, -        ," 1,162.55      ",FIELD,,283, 100.00      ,,268, 100.00      ,,1, 100.00      ,551,276, 100.00      
11/12/2006,46, 1.19      , 7.00      , 3.21      , 4.09      , 0.89      , 27.66      , 4.80      ,1, -        ," 1,162.55      ",FIELD,,283, 100.00      ,,268, 100.00      ,,1, 100.00      ,551,276, 100.00      
11/13/2006,47, 0.94      , 4.88      , 2.48      , 2.91      , 0.43      , 17.31      , -        ,1, -        ," 1,162.55      ",FIELD,,283, 100.00      ,,268, 100.00      ,,1, 100.00      ,551,276, 100.00      
11/14/2006,47, 1.19      , 8.38      , 6.27      , 4.78      , 1.49      , 23.78      , 11.20      ,1, -        ," 1,162.55      ",FIELD,,283, 100.00      ,,268, 100.00      ,,1, 100.00      ,551,276, 100.00      
11/15/2006,47, 5.25      , 10.94      , 7.86      , 8.09      , 0.24      , 3.02      , -        ,1, -        ," 1,162.55      ",FIELD,,283, 100.00      ,,268, 100.00      ,,1, 100.00      ,551,276, 100.00      
11/16/2006,47, 3.00      , 15.00      , 8.34      , 9.00      , 0.66      , 7.95      , -        ,1, -        ," 1,162.55      ",NOAA,,283, 100.00      ,,268, 100.00      ,,1, 100.00      ,551,276, 100.00      
11/17/2006,47, -        , 13.00      , 6.57      , 6.50      , 0.07      , 1.08      , -        ,1, -        ," 1,162.55      ",NOAA,,283, 100.00      ,,268, 100.00      ,,1, 100.00      ,551,276, 100.00      
11/18/2006,47, 3.00      , 11.00      , 7.31      , 7.00      , 0.31      , 4.27      , -        ,1, -        ," 1,162.55      ",NOAA,,283, 100.00      ,,268, 100.00      ,,1, 100.00      ,551,276, 100.00      
11/19/2006,47, -        , 9.00      , 7.04      , 4.50      , 2.54      , 36.09      , -        ,1, -        ," 1,162.55      ",NOAA,,283, 100.00      ,,268, 100.00      ,,1, 100.00      ,551,276, 100.00      
11/20/2006,48, -        , 10.00      , 7.80      , 5.00      , 2.80      , 35.91      , -        ,1, -        ," 1,162.55      ",NOAA,,283, 100.00      ,,268, 100.00      ,,1, 100.00      ,551,276, 100.00      
11/21/2006,48, -        , 10.00      , 8.22      , 5.00      , 3.22      , 39.16      , -        ,1, -        ," 1,162.55      ",NOAA,,283, 100.00      ,,268, 100.00      ,,1, 100.00      ,551,276, 100.00      
11/22/2006,48, 5.80      , 10.00      , 7.39      , 7.90      , 0.51      , 6.91      , -        ,1, -        ," 1,162.55      ",NOAA,,283, 100.00      ,,268, 100.00      ,,1, 100.00      ,551,276, 100.00      
11/23/2006,48, 6.00      , 8.10      , 7.27      , 7.05      , 0.22      , 3.00      , 4.10      ,1, -        ," 1,162.55      ",NOAA,,283, 100.00      ,,268, 100.00      ,,1, 100.00      ,551,276, 100.00      
11/24/2006,48, 3.00      , 11.00      , 7.34      , 7.00      , 0.34      , 4.68      , -        ,1, -        ," 1,162.55      ",NOAA,,283, 100.00      ,,268, 100.00      ,,1, 100.00      ,551,276, 100.00      
11/25/2006,48, 3.00      , 10.00      , 6.59      , 6.50      , 0.09      , 1.32      , -        ,1, -        ," 1,162.55      ",NOAA,,283, 100.00      ,,268, 100.00      ,,1, 100.00      ,551,276, 100.00      
11/26/2006,48, 3.00      , 13.00      , 7.99      , 8.00      , 0.01      , 0.13      , -        ,1, -        ," 1,162.55      ",NOAA,,283, 100.00      ,,268, 100.00      ,,1, 100.00      ,551,276, 100.00      
11/27/2006,49, -        , 9.00      , 5.97      , 4.50      , 1.47      , 24.63      , -        ,1, -        ," 1,162.55      ",NOAA,,283, 100.00      ,,268, 100.00      ,,1, 100.00      ,551,276, 100.00      
11/28/2006,49, -        , 9.00      , 4.77      , 4.50      , 0.27      , 5.64      , -        ,1, -        ," 1,162.55      ",NOAA,,283, 100.00      ,,268, 100.00      ,,1, 100.00      ,551,276, 100.00      
11/29/2006,49, -        , 9.00      , 4.67      , 4.50      , 0.17      , 3.64      , -        ,1, -        ," 1,162.55      ",NOAA,,283, 100.00      ,,268, 100.00      ,,1, 100.00      ,551,276, 100.00      
11/30/2006,49, 3.00      , 9.00      , 6.38      , 6.00      , 0.38      , 6.01      , -        ,1, -        ," 1,162.55      ",NOAA,,283, 100.00      ,,268, 100.00      ,,1, 100.00      ,551,276, 100.00      
12/1/2006,49,-1.00      , 8.00      , 3.27      , 3.50      , 0.23      , 7.07      , -        ,1, -        ," 1,162.55      ",NOAA,,283, 100.00      ,,268, 100.00      ,,1, 100.00      ,551,276, 100.00      
12/2/2006,49,-2.00      , 7.00      , 2.09      , 2.50      , 0.41      , 19.76      , -        ,1, -        ," 1,162.55      ",NOAA,,283, 100.00      ,,268, 100.00      ,,1, 100.00      ,551,276, 100.00      
12/3/2006,49,-2.00      , 6.00      , 2.53      , 2.00      , 0.53      , 20.81      , -        ,1, -        ," 1,162.55      ",NOAA,,283, 100.00      ,,268, 100.00      ,,1, 100.00      ,551,276, 100.00      
12/4/2006,50, 1.50      , 9.10      , 4.75      , 5.30      , 0.55      , 11.53      , -        ,1, -        ," 1,162.55      ",NOAA,,283, 100.00      ,,268, 100.00      ,,1, 100.00      ,551,276, 100.00      
12/5/2006,50, 5.60      , 11.00      , 8.23      , 8.30      , 0.08      , 0.91      , -        ,1, -        ," 1,162.55      ",NOAA,,283, 100.00      ,,268, 100.00      ,,1, 100.00      ,551,276, 100.00      
12/6/2006,50, 6.50      , 14.00      , 9.38      , 10.25      , 0.87      , 9.30      , -        ,1, -        ," 1,162.55      ",NOAA,,283, 100.00      ,,268, 100.00      ,,1, 100.00      ,551,276, 100.00      
12/7/2006,50, 4.00      , 9.30      , 7.19      , 6.65      , 0.54      , 7.47      , 2.00      ,1, -        ," 1,162.55      ",NOAA,,283, 100.00      ,,268, 100.00      ,,1, 100.00      ,551,276, 100.00      
12/8/2006,50, 2.60      , 10.20      , 7.39      , 6.40      , 0.99      , 13.42      , -        ,1, -        ," 1,162.55      ",NOAA,,283, 100.00      ,,268, 100.00      ,,1, 100.00      ,551,276, 100.00      
12/9/2006,50, 7.00      , 14.00      , 9.62      , 10.50      , 0.88      , 9.16      , -        ,1, -        ," 1,162.55      ",NOAA,,283, 100.00      ,,268, 100.00      ,,1, 100.00      ,551,276, 100.00      
12/10/2006,50, 5.00      , 8.70      , 6.53      , 6.85      , 0.33      , 4.98      , 1.00      ,1, -        ," 1,162.55      ",NOAA,,283, 100.00      ,,268, 100.00      ,,1, 100.00      ,551,276, 100.00      
12/11/2006,51, -        , 6.00      , 3.30      , 3.00      , 0.30      , 9.15      , 1.00      ,1, -        ," 1,162.55      ",NOAA,,283, 100.00      ,,268, 100.00      ,,1, 100.00      ,551,276, 100.00      
12/12/2006,51,-2.00      , 5.00      , 1.21      , 1.50      , 0.29      , 24.35      , 12.00      ,1, -        ," 1,162.55      ",NOAA,,283, 100.00      ,,268, 100.00      ,,1, 100.00      ,551,276, 100.00      
12/13/2006,51, 3.00      , 6.10      , 4.73      , 4.55      , 0.18      , 3.79      , 0.50      ,1, -        ," 1,162.55      ",NOAA,,283, 100.00      ,,268, 100.00      ,,1, 100.00      ,551,276, 100.00      
12/14/2006,51, 5.00      , 9.00      , 7.29      , 7.00      , 0.29      , 3.95      , 6.00      ,1, -        ," 1,162.55      ",NOAA,,283, 100.00      ,,268, 100.00      ,,1, 100.00      ,551,276, 100.00      
12/15/2006,51, 1.00      , 8.00      , 5.41      , 4.50      , 0.91      , 16.80      , -        ,1, -        ," 1,162.55      ",NOAA,,283, 100.00      ,,268, 100.00      ,,1, 100.00      ,551,276, 100.00      
12/16/2006,51,-1.00      , 8.30      , 4.03      , 3.65      , 0.38      , 9.46      , -        ,1, -        ," 1,162.55      ",NOAA,,283, 100.00      ,,268, 100.00      ,,1, 100.00      ,551,276, 100.00      
12/17/2006,51, 1.00      , 7.10      , 4.56      , 4.05      , 0.51      , 11.15      , 0.50      ,1, -        ," 1,162.55      ",NOAA,,283, 100.00      ,,268, 100.00      ,,1, 100.00      ,551,276, 100.00      
12/18/2006,52, 1.00      , 4.00      , 3.07      , 2.50      , 0.57      , 18.69      , -        ,1, -        ," 1,162.55      ",NOAA,,283, 100.00      ,,268, 100.00      ,,1, 100.00      ,551,276, 100.00      
12/19/2006,52,-1.00      , 3.00      , 1.53      , 1.00      , 0.53      , 34.60      , -        ,1, -        ," 1,162.55      ",NOAA,,283, 100.00      ,,268, 100.00      ,,1, 100.00      ,551,276, 100.00      
12/20/2006,52,-0.20      , 5.20      , 3.14      , 2.50      , 0.64      , 20.42      , 10.10      ,1, -        ," 1,162.55      ",NOAA,,283, 100.00      ,,268, 100.00      ,,1, 100.00      ,551,276, 100.00      
12/21/2006,52, 2.00      , 5.10      , 3.95      , 3.55      , 0.40      , 10.03      , 1.30      ,1, -        ," 1,162.55      ",NOAA,,283, 100.00      ,,268, 100.00      ,,1, 100.00      ,551,276, 100.00      
12/22/2006,52, 2.00      , 4.30      , 3.26      , 3.15      , 0.11      , 3.40      , -        ,1, -        ," 1,162.55      ",NOAA,,283, 100.00      ,,268, 100.00      ,,1, 100.00      ,551,276, 100.00      
12/23/2006,52, 3.80      , 5.30      , 4.62      , 4.55      , 0.07      , 1.49      , -        ,1, -        ," 1,162.55      ",NOAA,,283, 100.00      ,,268, 100.00      ,,1, 100.00      ,551,276, 100.00      
12/24/2006,52, 4.00      , 5.20      , 4.39      , 4.60      , 0.21      , 4.69      , 0.50      ,1, -        ," 1,162.55      ",NOAA,,283, 100.00      ,,268, 100.00      ,,1, 100.00      ,551,276, 100.00      
12/25/2006,53,-3.00      , 5.00      , 1.61      , 1.00      , 0.61      , 37.74      , -        ,1, -        ," 1,162.55      ",NOAA,,283, 100.00      ,,268, 100.00      ,,1, 100.00      ,551,276, 100.00      
12/26/2006,53,-4.10      , 1.00      ,-1.23      ,-1.55      , 0.32      , 26.32      , -        ,1, -        ," 1,162.55      ",NOAA,,283, 100.00      ,,268, 100.00      ,,1, 100.00      ,551,276, 100.00      
12/27/2006,53, -        , 1.00      , 0.22      , 0.50      , 0.28      , 126.42      , -        ,1, -        ," 1,162.55      ",NOAA,,283, 100.00      ,,268, 100.00      ,,1, 100.00      ,551,276, 100.00      
12/28/2006,53,-1.20      , 1.00      ,-0.18      ,-0.10      , 0.08      , 44.19      , -        ,1, -        ," 1,162.55      ",NOAA,,283, 100.00      ,,268, 100.00      ,,1, 100.00      ,551,276, 100.00      
12/29/2006,53,-1.00      , 2.00      , 0.86      , 0.50      , 0.36      , 41.89      , 0.50      ,1, -        ," 1,162.55      ",NOAA,,283, 100.00      ,,268, 100.00      ,,1, 100.00      ,551,276, 100.00      
12/30/2006,53,-0.10      , 4.00      , 1.24      , 1.95      , 0.71      , 57.58      , -        ,1, -        ," 1,162.55      ",NOAA,,283, 100.00      ,,268, 100.00      ,,1, 100.00      ,551,276, 100.00      
12/31/2006,53, 1.70      , 9.30      , 6.01      , 5.50      , 0.51      , 8.49      , 1.00      ,1, -        ," 1,162.55      ",NOAA,,283, 100.00      ,,268, 100.00      ,,1, 100.00      ,551,276, 100.00      
